Year, Number of reported deaths from cholera
1970,4
1971,2945
1972,96
1973,27
1975,1
1976,25
1977,10
1978,20
1979,4
1980,25
1981,18
1982,18
1983,2
1984,185
1985,0
1986,23
1987,111
1988,10
1989,61
1991,7654
1992,686
1993,266
1994,313
1995,87
1996,1193
1997,134
1998,187
1999,2085
2000,43
2001,119
2002,154
2003,87
2004,185
2005,174
2006,127
2007,48
2008,247
2009,431
2010,1712
2011,742
2012,18
2013,229
2014,755
2015,186
2016,32